code,domain,strand,name,parent_label_en,parent_label_ar,typical_year_group,framework_refs
PROG.ALGO.01,Coding,Algorithms,Follows and writes step-by-step algorithms for everyday tasks,"Can break a task into clear, ordered steps",تقسيم المهمة إلى خطوات واضحة ومرتّبة,3,CSTA:1A-AP-08;ISTE:1.5c;IBATL:Thinking
PROG.ALGO.02,Coding,Algorithms,Expresses an algorithm in pseudocode or a flowchart before coding,Plans a program on paper before building it,التخطيط للبرنامج على الورق قبل بنائه,7,CSTA:2-AP-10;ISTE:1.5c
PROG.ALGO.03,Coding,Algorithms,Compares two algorithms for the same task and justifies a choice,Can compare two ways of solving a problem and explain which is better,مقارنة طريقتين لحلّ مشكلة وتوضيح أيّهما أفضل,6,CSTA:1B-AP-08;IBATL:Thinking
PROG.ALGO.04,Coding,Algorithms,"Evaluates algorithms for efficiency, correctness and clarity","Thinks about how fast and reliable a solution is, not just whether it works",التفكير في سرعة الحلّ وموثوقيته، لا في نجاحه فقط,10,CSTA:3B-AP-11
PROG.ALGO.05,Coding,Algorithms,Uses and adapts classic algorithms such as searching and sorting,Can use well-known methods for finding and ordering information,استخدام طرق معروفة للبحث عن المعلومات وترتيبها,10,CSTA:3B-AP-10
PROG.ALGO.06,Coding,Algorithms,Implements recursive solutions with a correct base case,Can solve a problem by breaking it into smaller copies of itself,حلّ المشكلة بتقسيمها إلى نسخ أصغر من نفسها,12,CSTA:3B-AP-10
PROG.LOOP.01,Coding,Repetition,Uses counted loops to repeat instructions,Can make a program repeat steps a set number of times,جعل البرنامج يكرّر خطوات عددًا محددًا من المرات,4,CSTA:1A-AP-10;ISTE:1.5c
PROG.LOOP.02,Coding,Repetition,Writes nested loops with a defined exit condition,Can write a repeating sequence that stops on a condition,كتابة تسلسل متكرّر يتوقّف عند تحقّق شرط,8,CSTA:2-AP-12;ISTE:1.5c
PROG.LOOP.03,Coding,Repetition,"Uses condition-controlled loops safely, avoiding infinite loops","Can make a program keep going until something happens, without getting stuck",جعل البرنامج يستمرّ حتى يحدث أمر ما دون أن يتعطّل,7,CSTA:2-AP-12
PROG.COND.01,Coding,Selection,Uses if/else to make decisions in a program,Can make a program choose what to do next,جعل البرنامج يختار ما يفعله بعد ذلك,5,CSTA:1B-AP-10
PROG.COND.02,Coding,Selection,"Writes compound conditions using and, or and not",Can make a program check several things at once before deciding,جعل البرنامج يتحقّق من عدّة أمور معًا قبل اتخاذ القرار,7,CSTA:2-AP-12
PROG.COND.03,Coding,Selection,Writes nested conditionals to handle multiple cases,Can make a program handle many different situations correctly,جعل البرنامج يتعامل بشكل صحيح مع حالات متعددة,8,CSTA:2-AP-12
PROG.DATA.01,Coding,Variables and data structures,Uses variables to store and change values,Can make a program remember and update information,جعل البرنامج يتذكّر المعلومات ويحدّثها,5,CSTA:1B-AP-09
PROG.DATA.02,Coding,Variables and data structures,Chooses clear variable names and appropriate data types,Names and organises information in code so others can follow it,تسمية المعلومات وتنظيمها في الشيفرة بحيث يفهمها الآخرون,7,CSTA:2-AP-11
PROG.DATA.03,Coding,Variables and data structures,Uses lists or arrays to store and process collections,Can work with whole lists of information in a program,التعامل مع قوائم كاملة من المعلومات داخل البرنامج,9,CSTA:3A-AP-14
PROG.DATA.04,Coding,Variables and data structures,"Chooses between data structures such as lists, dictionaries and queues",Picks the right way to organise information for each problem,اختيار الطريقة المناسبة لتنظيم المعلومات لكل مشكلة,11,CSTA:3B-AP-12
PROG.DATA.05,Coding,Variables and data structures,"Reads, transforms and writes data from files or sensors",Can bring real-world information into a program and save the results,إدخال معلومات من العالم الحقيقي إلى البرنامج وحفظ النتائج,10,CSTA:2-DA-08
PROG.MOD.01,Coding,Decomposition and modularity,Decomposes a problem into smaller sub-problems,"Can split a big problem into smaller, manageable parts",تقسيم مشكلة كبيرة إلى أجزاء أصغر يسهل التعامل معها,5,CSTA:1B-AP-11;CSTA:2-AP-13;ISTE:1.5c
PROG.MOD.02,Coding,Decomposition and modularity,Writes functions or procedures with parameters,Can build reusable blocks of code that work with different inputs,بناء أجزاء شيفرة قابلة لإعادة الاستخدام تعمل مع مدخلات مختلفة,8,CSTA:2-AP-14
PROG.MOD.03,Coding,Decomposition and modularity,Builds programs from reusable modules or classes,Organises a larger program into well-structured pieces,تنظيم برنامج كبير في أجزاء منظّمة جيدًا,11,CSTA:3A-AP-17;CSTA:3B-AP-14
PROG.MOD.04,Coding,Decomposition and modularity,"Incorporates existing code, media or libraries with attribution",Builds on other people's work properly and gives them credit,البناء على أعمال الآخرين بطريقة صحيحة ونسب الفضل لأصحابها,7,CSTA:1B-AP-12;CSTA:2-AP-16;ISTE:1.2c
PROG.MOD.05,Coding,Decomposition and modularity,Uses event-driven programming with handlers,"Can make a program react when something happens, like a button press",جعل البرنامج يستجيب عند حدوث أمر ما، مثل الضغط على زر,6,CSTA:1B-AP-10
PROG.DBG.01,Coding,Testing and debugging,Finds and fixes errors in simple programs,Can find and fix mistakes in a simple program,إيجاد الأخطاء في برنامج بسيط وإصلاحها,4,CSTA:1A-AP-14;CSTA:1B-AP-15
PROG.DBG.02,Coding,Testing and debugging,Tests a program systematically with planned test cases,"Checks a program carefully with planned tests, not just by trying it once",اختبار البرنامج بعناية باختبارات مخطّط لها، لا بتجربته مرة واحدة فقط,8,CSTA:2-AP-17
PROG.DBG.03,Coding,Testing and debugging,"Uses debugging tools such as breakpoints, tracing and logs",Uses proper tools to track down problems in code,استخدام أدوات مناسبة لتتبّع المشكلات في الشيفرة,9,CSTA:2-AP-17
PROG.DBG.04,Coding,Testing and debugging,Handles unexpected input and errors gracefully,Makes programs that cope sensibly when something unexpected happens,تصميم برامج تتعامل بحكمة مع المواقف غير المتوقعة,10,CSTA:3A-AP-21
PROG.PRAC.01,Coding,Professional practice,Documents code with clear comments and a README,Writes clear notes so others can understand and use their code,كتابة ملاحظات واضحة تساعد الآخرين على فهم الشيفرة واستخدامها,8,CSTA:2-AP-19;CSTA:3A-AP-23
PROG.PRAC.02,Coding,Professional practice,"Uses version control to commit, branch and merge",Keeps track of changes to code and works safely with others on it,تتبّع التغييرات في الشيفرة والعمل عليها بأمان مع الآخرين,10,CSTA:3A-AP-22
PROG.PRAC.03,Coding,Professional practice,Writes text-based code beyond block programming,Has moved on from building blocks to writing real code,الانتقال من البرمجة بالكتل إلى كتابة شيفرة نصية حقيقية,7,ISTE:1.5d
PROG.PRAC.04,Coding,Professional practice,Builds a working app or game for a real user,Has built a working app or game that someone else can use,بناء تطبيق أو لعبة تعمل ويستطيع شخص آخر استخدامها,9,CSTA:3A-AP-16;ISTE:1.4a
PROG.PRAC.05,Coding,Professional practice,Refactors code for clarity and maintainability,Improves working code so it is cleaner and easier to change,تحسين الشيفرة العاملة لتصبح أنظف وأسهل في التعديل,11,CSTA:3A-AP-21
PROG.WEB.01,Coding,Web development,Builds a web page with HTML and CSS,Can build and style a simple web page,بناء صفحة ويب بسيطة وتنسيقها,7,ISTE:1.6b
PROG.WEB.02,Coding,Web development,Adds interactivity to a web page with JavaScript,Can make a web page respond to the user,جعل صفحة الويب تتفاعل مع المستخدم,9,CSTA:3A-AP-16
PROG.WEB.03,Coding,Web development,Uses an external API to fetch and display data,Can connect an app to online services to get live information,ربط التطبيق بخدمات عبر الإنترنت للحصول على معلومات مباشرة,11,CSTA:3A-AP-18
PROG.COMP.01,Coding,Competitive programming,Solves timed algorithmic problems under contest conditions,Can solve coding puzzles quickly and accurately against the clock,حلّ ألغاز برمجية بسرعة ودقة ضمن وقت محدد,10,CSTA:3B-AP-10;CSTA:3A-AP-13
PROG.COMP.02,Coding,Competitive programming,"Analyses a formal problem statement for inputs, outputs and constraints",Reads a challenge carefully and works out exactly what is being asked,قراءة التحدّي بعناية وتحديد المطلوب بدقة,9,CSTA:3A-AP-13;IBATL:Thinking
ROBO.BUILD.01,Robotics,Mechanical build,Builds a robot chassis from a plan or instructions,Can build a robot base by following a plan,بناء قاعدة روبوت باتّباع مخطّط,4,ISTE:1.4b
ROBO.BUILD.02,Robotics,Mechanical build,"Designs a stable, robust chassis for a defined task",Designs their own sturdy robot for a specific job,تصميم روبوت متين لمهمة محددة,7,NGSS:MS-ETS1-2;ISTE:1.4a
ROBO.BUILD.03,Robotics,Mechanical build,Uses gears and gear ratios to trade speed for torque,Understands how gears make a robot faster or stronger,فهم كيف تجعل التروس الروبوت أسرع أو أقوى,8,NGSS:MS-ETS1-4
ROBO.BUILD.04,Robotics,Mechanical build,Designs and builds a manipulator or attachment such as an arm or gripper,Can design a robot arm or tool that picks up and moves things,تصميم ذراع أو أداة للروبوت تلتقط الأشياء وتحرّكها,8,NGSS:MS-ETS1-4;ISTE:1.4b
ROBO.BUILD.05,Robotics,Mechanical build,Manages wiring and build quality for reliability,Builds neatly so the robot works reliably every time,البناء بإتقان بحيث يعمل الروبوت بشكل موثوق في كل مرة,7,NGSS:MS-ETS1-3
ROBO.SENS.01,Robotics,Sensors,Reads a touch or distance sensor to trigger an action,Can make a robot react when it touches or detects something,جعل الروبوت يستجيب عندما يلمس شيئًا أو يكتشفه,5,CSTA:1B-AP-10;CSTA:2-CS-02
ROBO.SENS.02,Robotics,Sensors,Uses a colour or light sensor for line following,Can make a robot follow a line on the floor,جعل الروبوت يتبع خطًا على الأرض,6,CSTA:2-CS-02
ROBO.SENS.03,Robotics,Sensors,Calibrates sensors for changing light and surface conditions,Adjusts a robot's sensors so it works in a new room or venue,ضبط مستشعرات الروبوت ليعمل في قاعة أو مكان جديد,8,CSTA:2-CS-03;NGSS:SEP3
ROBO.SENS.04,Robotics,Sensors,Combines readings from multiple sensors to make decisions,Makes a robot use several senses together to decide what to do,جعل الروبوت يستخدم عدّة مستشعرات معًا ليقرّر ما يفعله,10,CSTA:2-CS-02
ROBO.SENS.05,Robotics,Sensors,Uses a gyro or IMU to hold heading and turn accurately,Can make a robot drive straight and turn precisely,جعل الروبوت يسير باستقامة ويستدير بدقة,8,CSTA:2-CS-02
ROBO.SENS.06,Robotics,Sensors,Uses a camera or vision sensor to detect objects,Can make a robot recognise objects using a camera,جعل الروبوت يتعرّف على الأشياء باستخدام الكاميرا,10,CSTA:3B-AP-08;MOEAI:APP
ROBO.CTRL.01,Robotics,Control and autonomy,Programs precise movements using motor encoders,Can program a robot to move exact distances and angles,برمجة الروبوت ليتحرّك مسافات وزوايا دقيقة,6,CSTA:1B-AP-10
ROBO.CTRL.02,Robotics,Control and autonomy,Implements proportional control for line or wall following,Makes a robot correct itself smoothly as it moves,جعل الروبوت يصحّح مساره بسلاسة أثناء الحركة,9,CSTA:2-AP-12
ROBO.CTRL.03,Robotics,Control and autonomy,Tunes a PID controller and explains the effect of each term,Can fine-tune advanced robot steering and explain how it works,ضبط نظام توجيه متقدّم للروبوت وشرح طريقة عمله,11,CSTA:3A-AP-15
ROBO.CTRL.04,Robotics,Control and autonomy,Uses state machines to sequence robot behaviours,Organises a robot's behaviour into clear stages,تنظيم سلوك الروبوت في مراحل واضحة,10,CSTA:3A-AP-15
ROBO.CTRL.05,Robotics,Control and autonomy,Writes a reliable autonomous routine for a timed mission,Can program a robot to complete a task on its own within a time limit,برمجة الروبوت لإنجاز مهمة بمفرده ضمن وقت محدد,8,CSTA:2-AP-12
ROBO.CTRL.06,Robotics,Control and autonomy,Drives a robot accurately under remote control in a match,Is a skilled robot driver during matches,قيادة الروبوت بمهارة أثناء المباريات,6,
ROBO.CTRL.07,Robotics,Control and autonomy,Localises a robot using odometry or field markers,Can make a robot work out where it is on the field,جعل الروبوت يحدّد موقعه في ساحة اللعب,11,CSTA:3A-DA-12
ROBO.STRAT.01,Robotics,Mission strategy,Analyses competition rules and scoring to choose missions,Studies the rules to decide which challenges are worth attempting,دراسة القوانين لتحديد التحديات التي تستحق المحاولة,6,IBATL:Thinking
ROBO.STRAT.02,Robotics,Mission strategy,Plans a run order to maximise points within the time limit,Plans the best order of tasks to score the most points,التخطيط لأفضل ترتيب للمهام لتحقيق أعلى النقاط,7,IBATL:Thinking;ISTE:1.5a
ROBO.STRAT.03,Robotics,Mission strategy,Adapts strategy between rounds based on results,Changes the plan between rounds based on what happened,تعديل الخطة بين الجولات بناءً على ما حدث,8,IBATL:Thinking;IBATL:SelfManagement
ROBO.ELEC.01,Robotics,Electronics,Builds simple circuits on a breadboard,Can build simple electrical circuits with lights and switches,بناء دوائر كهربائية بسيطة بالمصابيح والمفاتيح,6,NGSS:4-PS3-4
ROBO.ELEC.02,Robotics,Electronics,Programs a microcontroller to read inputs and drive outputs,"Can program a small computer board to control lights, motors and sensors",برمجة لوحة حاسوب صغيرة للتحكّم بالأضواء والمحرّكات والمستشعرات,7,CSTA:2-CS-02
ROBO.ELEC.03,Robotics,Electronics,Selects motors and drivers for a given load,Chooses the right motors for the job,اختيار المحرّكات المناسبة للمهمة,10,NGSS:HS-ETS1-3
ROBO.ELEC.04,Robotics,Electronics,Applies Ohm's law to size components safely,Uses electrical calculations to choose safe parts,استخدام الحسابات الكهربائية لاختيار قطع آمنة,9,
ROBO.ELEC.05,Robotics,Electronics,Solders and makes reliable electrical connections safely,Can solder wires safely and neatly,لحام الأسلاك بأمان وإتقان,9,
ROBO.MAINT.01,Robotics,Maintenance and safety,Diagnoses and repairs a robot fault under time pressure,Can find and fix a robot problem quickly during a competition,إيجاد عطل في الروبوت وإصلاحه بسرعة أثناء المسابقة,8,CSTA:2-CS-03
ROBO.MAINT.02,Robotics,Maintenance and safety,Follows workshop safety rules and uses tools safely,Works safely with tools and equipment,العمل بأمان مع الأدوات والمعدّات,4,
AI.CONC.01,AI,AI concepts,Explains what AI is and gives everyday examples,Can explain what artificial intelligence is with everyday examples,شرح ماهية الذكاء الاصطناعي بأمثلة من الحياة اليومية,4,MOEAI:FND
AI.CONC.02,AI,AI concepts,Distinguishes rule-based programs from systems that learn from data,Knows the difference between a program that follows rules and one that learns,معرفة الفرق بين برنامج يتبع قواعد وبرنامج يتعلّم,7,MOEAI:FND;CSTA:3B-AP-08
AI.CONC.03,AI,AI concepts,Describes how AI drives many software and physical systems,Can describe how AI is used inside real products and machines,وصف كيفية استخدام الذكاء الاصطناعي في المنتجات والآلات الحقيقية,10,CSTA:3B-AP-08;MOEAI:APP
AI.DATA.01,AI,Data for AI,Collects and labels a data set for a classification task,Can gather and label examples to teach a computer,جمع أمثلة وتصنيفها لتعليم الحاسوب,6,MOEAI:DATA;CSTA:2-DA-08
AI.DATA.02,AI,Data for AI,Cleans data and handles missing or noisy values,Can tidy up messy information before using it,تنظيم المعلومات غير المرتّبة قبل استخدامها,9,MOEAI:DATA;CSTA:2-DA-08
AI.DATA.03,AI,Data for AI,Visualises data to find patterns before modelling,Uses charts to spot patterns in information,استخدام الرسوم البيانية لاكتشاف الأنماط في المعلومات,8,MOEAI:DATA;CSTA:3A-DA-11
AI.DATA.04,AI,Data for AI,Splits data into training and test sets and explains why,Knows how to check fairly whether an AI really learned,التحقّق بإنصاف مما إذا كان الذكاء الاصطناعي قد تعلّم فعلًا,10,MOEAI:DATA
AI.DATA.05,AI,Data for AI,Identifies bias in a data set and its likely effect,Can spot when information could make an AI unfair,ملاحظة متى قد تجعل المعلومات الذكاء الاصطناعي غير منصف,9,MOEAI:ETH;MOEAI:DATA
AI.ML.01,AI,Machine learning,Trains an image or sound classifier with a no-code tool,Has taught a computer to recognise pictures or sounds,تعليم الحاسوب التعرّف على الصور أو الأصوات,6,MOEAI:SW;CSTA:2-DA-09
AI.ML.02,AI,Machine learning,Evaluates a model with accuracy measures and a confusion matrix,Can measure how well an AI is working and where it goes wrong,قياس مدى جودة عمل الذكاء الاصطناعي ومواضع خطئه,10,MOEAI:DATA;CSTA:3B-DA-07
AI.ML.03,AI,Machine learning,Trains and tunes a machine-learning model in code,Can build and improve a machine-learning model by writing code,بناء نموذج تعلّم آلي وتحسينه بكتابة الشيفرة,11,MOEAI:SW;CSTA:3B-AP-09
AI.ML.04,AI,Machine learning,Explains overfitting and applies techniques to reduce it,"Understands why an AI can memorise instead of learn, and how to prevent it",فهم لماذا قد يحفظ الذكاء الاصطناعي بدلًا من أن يتعلّم، وكيفية منع ذلك,12,MOEAI:FND
AI.ML.05,AI,Machine learning,Implements a search or game-playing algorithm,Has programmed a computer opponent that plans its moves,برمجة خصم حاسوبي يخطّط لحركاته,11,CSTA:3B-AP-09
AI.ML.06,AI,Machine learning,Adapts a pre-trained model or AI service to a new task,Can take an existing AI tool and adapt it to solve a new problem,تكييف أداة ذكاء اصطناعي موجودة لحلّ مشكلة جديدة,10,MOEAI:SW;MOEAI:APP
AI.GEN.01,AI,Generative AI,Writes effective prompts and iterates on generative AI output,Can guide AI tools with clear instructions and improve the results,توجيه أدوات الذكاء الاصطناعي بتعليمات واضحة وتحسين النتائج,8,MOEAI:SW;ISTE:1.3b
AI.GEN.02,AI,Generative AI,Verifies AI-generated content for accuracy and attribution,Checks whether what an AI says is true before using it,التحقّق من صحة ما يقدّمه الذكاء الاصطناعي قبل استخدامه,8,MOEAI:ETH;ISTE:1.3b;ISTE:1.2c
AI.GEN.03,AI,Generative AI,Builds an application that integrates a language or vision model,Has built an app that uses AI to understand text or images,بناء تطبيق يستخدم الذكاء الاصطناعي لفهم النصوص أو الصور,11,MOEAI:APP;MOEAI:INNOV
AI.ETH.01,AI,Ethics and responsibility,"Discusses fairness, privacy and safety risks of an AI system","Thinks about whether an AI is fair, private and safe",التفكير فيما إذا كان الذكاء الاصطناعي منصفًا وآمنًا ويحمي الخصوصية,7,MOEAI:ETH;ISTE:1.2d
AI.ETH.02,AI,Ethics and responsibility,Proposes safeguards and responsible-use guidelines for an AI solution,Suggests rules to make sure an AI is used responsibly,اقتراح قواعد تضمن استخدام الذكاء الاصطناعي بمسؤولية,10,MOEAI:ETH;MOEAI:POL
AI.ETH.03,AI,Ethics and responsibility,Explains how AI decisions can be made transparent to users,Can explain how to make an AI's decisions understandable to people,شرح كيفية جعل قرارات الذكاء الاصطناعي مفهومة للناس,11,MOEAI:ETH
AI.APP.01,AI,Applications,Identifies a real community problem that AI could help solve,Can spot a real problem in the community that AI could help with,تحديد مشكلة حقيقية في المجتمع يمكن للذكاء الاصطناعي المساعدة في حلّها,7,MOEAI:APP;MOEAI:POL;ISTE:1.7d
AI.APP.02,AI,Applications,Designs and pitches an end-to-end AI solution,Has designed a complete AI solution and presented it,تصميم حلّ متكامل بالذكاء الاصطناعي وعرضه,10,MOEAI:INNOV;ISTE:1.4a
ENG.DP.01,Engineering,Design process,Defines a problem with clear criteria and constraints,Can describe exactly what a design needs to achieve and its limits,وصف ما يجب أن يحققه التصميم بدقة وحدوده,6,NGSS:MS-ETS1-1;ISTE:1.4a
ENG.DP.02,Engineering,Design process,Generates multiple solution ideas before choosing one,Comes up with several ideas before picking the best one,طرح عدّة أفكار قبل اختيار أفضلها,5,NGSS:3-5-ETS1-2;ISTE:1.4a
ENG.DP.03,Engineering,Design process,Evaluates competing designs against criteria using a decision matrix,Compares design ideas fairly against a checklist,مقارنة أفكار التصميم بإنصاف وفق قائمة معايير,8,NGSS:MS-ETS1-2
ENG.DP.04,Engineering,Design process,Iterates a design using test results,Improves a design step by step based on testing,تحسين التصميم خطوة بخطوة بناءً على الاختبار,7,NGSS:MS-ETS1-4;ISTE:1.4c
ENG.DP.05,Engineering,Design process,Breaks a complex real-world problem into sub-problems and trade-offs,Can tackle a complicated real-world problem by weighing up options,معالجة مشكلة واقعية معقّدة بالموازنة بين الخيارات,11,NGSS:HS-ETS1-2;NGSS:HS-ETS1-3
ENG.DP.06,Engineering,Design process,Analyses a global challenge to specify design requirements,Can turn a big global challenge into clear design goals,تحويل تحدٍّ عالمي كبير إلى أهداف تصميم واضحة,11,NGSS:HS-ETS1-1;ISTE:1.7d
ENG.CAD.01,Engineering,Computer-aided design,Creates a 3D model of a simple part in CAD,Can design a simple object on the computer in 3D,تصميم مجسّم بسيط ثلاثي الأبعاد على الحاسوب,7,ISTE:1.4b
ENG.CAD.02,Engineering,Computer-aided design,Produces CAD assemblies with constraints and tolerances,Can design multi-part objects on the computer that fit together precisely,تصميم مجسّمات متعددة الأجزاء على الحاسوب تتركّب معًا بدقة,10,ISTE:1.4b
ENG.CAD.03,Engineering,Computer-aided design,Produces a dimensioned technical drawing,Can produce an accurate technical drawing with measurements,إنتاج رسم فني دقيق مع القياسات,9,
ENG.FAB.01,Engineering,Fabrication,Prepares and prints a part on a 3D printer,Can 3D-print a part they designed,طباعة قطعة مصمّمة ذاتيًا بالطابعة ثلاثية الأبعاد,7,ISTE:1.4b
ENG.FAB.02,Engineering,Fabrication,Uses a laser cutter safely to fabricate parts,Can safely use a laser cutter to make parts,استخدام آلة القطع بالليزر بأمان لصنع القطع,8,
ENG.FAB.03,Engineering,Fabrication,"Selects materials for strength, weight and cost",Chooses the right materials for the job,اختيار المواد المناسبة للمهمة,9,NGSS:HS-ETS1-3
ENG.FAB.04,Engineering,Fabrication,Uses hand and power tools safely in the workshop,Uses workshop tools safely and correctly,استخدام أدوات الورشة بأمان وبطريقة صحيحة,6,
ENG.STRUCT.01,Engineering,Structures and mechanisms,Builds structures that resist loads using triangulation,Builds strong structures that can hold weight,بناء هياكل قوية تتحمّل الأوزان,5,NGSS:3-5-ETS1-3
ENG.STRUCT.02,Engineering,Structures and mechanisms,"Uses levers, pulleys and linkages to create motion",Uses simple machines to make things move,استخدام الآلات البسيطة لتحريك الأشياء,6,
ENG.STRUCT.03,Engineering,Structures and mechanisms,Calculates forces and safety factors for a structure,Uses calculations to check a structure is strong enough,استخدام الحسابات للتحقّق من أن الهيكل قوي بما يكفي,10,
ENG.TEST.01,Engineering,Testing and measurement,Designs a fair test of a prototype and records results,Tests a model fairly and records what happens,اختبار النموذج بإنصاف وتسجيل ما يحدث,7,NGSS:MS-ETS1-3;NGSS:SEP3
ENG.TEST.02,Engineering,Testing and measurement,Uses measurement tools such as calipers and multimeters accurately,Measures accurately with proper tools,القياس بدقة باستخدام الأدوات المناسبة,8,NGSS:SEP3
ENG.TEST.03,Engineering,Testing and measurement,Analyses failure modes and improves reliability,Works out why something failed and makes it more reliable,اكتشاف سبب فشل شيء ما وجعله أكثر موثوقية,10,NGSS:HS-ETS1-3
ENG.SUST.01,Engineering,Sustainability and cost,Considers environmental impact in design decisions,Thinks about the environment when designing,مراعاة البيئة عند التصميم,8,NGSS:HS-ETS1-3;ISTE:1.7d
ENG.SUST.02,Engineering,Sustainability and cost,Designs an energy-efficient or renewable-energy solution,Has designed something that saves energy or uses clean energy,تصميم شيء يوفّر الطاقة أو يستخدم طاقة نظيفة,9,NGSS:MS-ESS3-3;NGSS:HS-ESS3-4
ENG.SUST.03,Engineering,Sustainability and cost,Costs a design and works within a budget,Can plan a project within a budget,التخطيط لمشروع ضمن ميزانية محددة,9,NGSS:HS-ETS1-3
SCI.INQ.01,Science,Scientific inquiry,Asks testable scientific questions,Asks questions that can be answered by an experiment,طرح أسئلة يمكن الإجابة عنها بتجربة,5,NGSS:SEP1;IBATL:Research
SCI.INQ.02,Science,Scientific inquiry,Forms a hypothesis with a predicted outcome and reasoning,Makes a sensible prediction and explains why,وضع توقّع منطقي وشرح سببه,6,NGSS:SEP1
SCI.INQ.03,Science,Scientific inquiry,"Plans a controlled investigation, identifying variables","Plans a fair experiment, changing only one thing at a time",التخطيط لتجربة عادلة يتغيّر فيها عامل واحد فقط في كل مرة,7,NGSS:SEP3
SCI.INQ.04,Science,Scientific inquiry,Conducts an investigation safely and records observations accurately,Carries out experiments safely and notes what happens,تنفيذ التجارب بأمان وتدوين ما يحدث,5,NGSS:SEP3
SCI.INQ.05,Science,Scientific inquiry,Identifies sources of error and suggests improvements,Spots what might have affected results and how to improve,ملاحظة ما قد يكون أثّر في النتائج وكيفية التحسين,9,NGSS:SEP3;IBATL:Thinking
SCI.INQ.06,Science,Scientific inquiry,Designs an original research project,Has designed their own scientific research project,تصميم مشروع بحث علمي مستقل,11,NGSS:SEP1;NGSS:SEP3;IBATL:Research
SCI.DATA.01,Science,Data and analysis,Records data in clear tables with units,Records results neatly in tables,تسجيل النتائج بشكل منظّم في جداول,5,NGSS:SEP4
SCI.DATA.02,Science,Data and analysis,Chooses and draws appropriate graphs,Chooses the right kind of graph to show results,اختيار نوع الرسم البياني المناسب لعرض النتائج,7,NGSS:SEP4
SCI.DATA.03,Science,Data and analysis,Analyses data to identify trends and anomalies,Finds patterns and odd results in data,اكتشاف الأنماط والنتائج غير المعتادة في البيانات,8,NGSS:SEP4
SCI.DATA.04,Science,Data and analysis,Uses statistics to support conclusions,Uses statistics to show how sure we can be about a result,استخدام الإحصاء لبيان مدى الثقة في النتيجة,11,NGSS:SEP5
SCI.DATA.05,Science,Data and analysis,Uses a spreadsheet or code to process experimental data,Uses spreadsheets or code to work with experiment results,استخدام جداول البيانات أو الشيفرة للتعامل مع نتائج التجارب,9,NGSS:SEP5;CSTA:2-DA-08
SCI.EXPL.01,Science,Explanation and argument,Draws conclusions supported by evidence,Reaches conclusions that are backed by evidence,التوصّل إلى استنتاجات مدعومة بالأدلة,6,NGSS:SEP6
SCI.EXPL.02,Science,Explanation and argument,Constructs a scientific argument and responds to counter-evidence,Can argue a scientific case and respond to challenges,الدفاع عن رأي علمي والرد على الاعتراضات,9,NGSS:SEP7
SCI.EXPL.03,Science,Explanation and argument,Evaluates the reliability of scientific sources,Checks whether information sources can be trusted,التحقّق من موثوقية مصادر المعلومات,8,NGSS:SEP8;IBATL:Research;ISTE:1.3b
SCI.EXPL.04,Science,Explanation and argument,Develops and uses models to explain phenomena,Uses models to explain how things work,استخدام النماذج لشرح كيفية عمل الأشياء,8,NGSS:SEP2
SCI.EXPL.05,Science,Explanation and argument,Builds a computational simulation of a system,Has built a computer simulation of a real system,بناء محاكاة حاسوبية لنظام حقيقي,11,NGSS:SEP2;NGSS:SEP5;CSTA:3A-DA-12
SCI.LAB.01,Science,Laboratory practice,Follows laboratory safety procedures,Follows lab safety rules,اتّباع قواعد السلامة في المختبر,5,
SCI.LAB.02,Science,Laboratory practice,Uses laboratory equipment precisely,Uses lab equipment carefully and accurately,استخدام أدوات المختبر بعناية ودقة,7,NGSS:SEP3
SCI.LAB.03,Science,Laboratory practice,Writes a risk assessment for an original investigation,Can identify and plan for the risks in their own experiment,تحديد مخاطر التجربة والتخطيط لتجنّبها,10,
SCI.COMM.01,Science,Science communication,Presents a scientific poster to judges,Can present a science poster to judges,عرض ملصق علمي أمام لجنة التحكيم,7,NGSS:SEP8;IBATL:Communication
SCI.COMM.02,Science,Science communication,Writes a structured scientific report,"Writes a clear, well-organised science report",كتابة تقرير علمي واضح ومنظّم,8,NGSS:SEP8;IBATL:Communication
SCI.COMM.03,Science,Science communication,Answers judges' scientific questions using correct vocabulary,Answers judges' science questions using the right terms,الإجابة عن أسئلة لجنة التحكيم العلمية بالمصطلحات الصحيحة,8,NGSS:SEP8;IBATL:Communication
DES.UX.01,Design,User-centred design,Interviews users to understand their needs,Talks to people to understand what they really need,التحدّث مع الناس لفهم ما يحتاجونه فعلًا,7,ISTE:1.4a;IBATL:Communication
DES.UX.02,Design,User-centred design,Creates personas and a problem statement from research,Turns research about users into a clear problem to solve,تحويل البحث عن المستخدمين إلى مشكلة واضحة يجب حلّها,9,ISTE:1.4a
DES.UX.03,Design,User-centred design,Sketches wireframes and low-fidelity prototypes,Sketches quick versions of an idea to test it,رسم نسخ أولية سريعة من الفكرة لاختبارها,7,ISTE:1.4b
DES.UX.04,Design,User-centred design,Tests a prototype with users and acts on feedback,Tries designs out with real people and improves them,تجربة التصاميم مع أشخاص حقيقيين وتحسينها,8,CSTA:2-AP-15;ISTE:1.4c
DES.UX.05,Design,User-centred design,Applies accessibility principles to a design,Makes designs that people of all abilities can use,التصميم بحيث يستطيع الجميع استخدامه على اختلاف قدراتهم,10,CSTA:3A-AP-21
DES.VIS.01,Design,Visual communication,"Uses layout, colour and typography purposefully",Makes designs that look clear and well organised,التصميم بشكل واضح ومنظّم,7,ISTE:1.6b
DES.VIS.02,Design,Visual communication,Creates clear diagrams and infographics,Explains ideas with clear diagrams,شرح الأفكار برسوم توضيحية واضحة,8,ISTE:1.6c;IBATL:Communication
DES.VIS.03,Design,Visual communication,Produces a short video that explains a project,Can make a short video explaining their project,إنتاج فيديو قصير يشرح المشروع,7,ISTE:1.6b;ISTE:1.6d
DES.VIS.04,Design,Visual communication,"Designs a team identity such as logo, banner or booth","Helped design the team's look - logo, banner or stand",المساهمة في تصميم هوية الفريق - الشعار أو اللافتة أو منصّة العرض,6,ISTE:1.6b
DES.CREAT.01,Design,Creative thinking,Generates original ideas using brainstorming techniques,Comes up with original ideas,طرح أفكار أصيلة,5,IBATL:Thinking;ISTE:1.4a
DES.CREAT.02,Design,Creative thinking,Combines ideas from different fields into a novel solution,Combines ideas from different subjects to create something new,دمج أفكار من مجالات مختلفة لابتكار شيء جديد,9,IBATL:Thinking
DES.CREAT.03,Design,Creative thinking,Iterates on an open-ended problem through failed attempts to a working solution,Keeps improving an open challenge until it works,مواصلة تحسين تحدٍّ مفتوح حتى ينجح,8,ISTE:1.4d
DES.DOC.01,Design,Documentation and portfolio,Keeps an engineering or design notebook throughout a project,Keeps a project notebook recording ideas and progress,الاحتفاظ بدفتر مشروع لتسجيل الأفكار والتقدّم,6,ISTE:1.4b;IBATL:SelfManagement
DES.DOC.02,Design,Documentation and portfolio,Produces a design portfolio judged against a rubric,Has put together a portfolio of their design work,إعداد ملف يضم الأعمال التصميمية,9,IBATL:Communication
DES.DOC.03,Design,Documentation and portfolio,Cites sources and respects intellectual property,Gives credit for other people's ideas and work,نسب الأفكار والأعمال إلى أصحابها,7,ISTE:1.2c;IBATL:Research
COL.TEAM.01,Collaboration,Teamwork,Carries out a defined role within a team,Takes on a clear job in the team and does it well,تولّي مهمة واضحة في الفريق وأداؤها جيدًا,4,IBATL:Social;ISTE:1.7c
COL.TEAM.02,Collaboration,Teamwork,Shares tasks fairly and keeps to a team timeline,Shares the work fairly and helps the team stay on schedule,تقاسم العمل بإنصاف ومساعدة الفريق على الالتزام بالجدول,7,CSTA:2-AP-18;IBATL:SelfManagement
COL.TEAM.03,Collaboration,Teamwork,Gives and receives constructive feedback,Gives helpful feedback and uses feedback from others,تقديم ملاحظات مفيدة والاستفادة من ملاحظات الآخرين,6,CSTA:2-AP-15;IBATL:Social
COL.TEAM.04,Collaboration,Teamwork,Resolves disagreements within the team constructively,Helps sort out disagreements in the team,المساعدة في حلّ الخلافات داخل الفريق,7,IBATL:Social
COL.TEAM.05,Collaboration,Teamwork,Leads a team meeting with an agenda and agreed actions,Can run a team meeting and agree next steps,إدارة اجتماع للفريق والاتفاق على الخطوات التالية,9,IBATL:Social;IBATL:SelfManagement
COL.TEAM.06,Collaboration,Teamwork,Mentors a younger student in a technical skill,Helps younger students learn technical skills,مساعدة الطلاب الأصغر سنًا على تعلّم المهارات التقنية,10,IBATL:Social
COL.TEAM.07,Collaboration,Teamwork,Uses collaborative tools to coordinate team work,Uses shared online tools to organise team work,استخدام أدوات إلكترونية مشتركة لتنظيم عمل الفريق,7,CSTA:3A-AP-22;ISTE:1.7b
COL.COMM.01,Collaboration,Communication,Explains a technical idea clearly to a non-specialist,Can explain technical ideas in a way anyone can understand,شرح الأفكار التقنية بطريقة يفهمها الجميع,7,IBATL:Communication;ISTE:1.6d
COL.COMM.02,Collaboration,Communication,Delivers a structured presentation within a time limit,Gives a well-organised presentation on time,تقديم عرض منظّم ضمن الوقت المحدد,6,IBATL:Communication;ISTE:1.6d
COL.COMM.03,Collaboration,Communication,Answers judges' questions accurately,Answers judges' questions clearly and accurately,الإجابة عن أسئلة لجنة التحكيم بوضوح ودقة,7,IBATL:Communication
COL.COMM.04,Collaboration,Communication,Presents project work in a second language,Can present their project in a second language,عرض المشروع بلغة ثانية,8,IBATL:Communication
COL.COMM.05,Collaboration,Communication,Pitches a solution persuasively to a panel,Can pitch an idea convincingly to a panel,عرض فكرة بشكل مقنع أمام لجنة,9,IBATL:Communication;ISTE:1.6d
COL.COMM.06,Collaboration,Communication,Writes a clear project summary or abstract,Writes a clear short summary of a project,كتابة ملخّص قصير وواضح للمشروع,9,IBATL:Communication
COL.SELF.01,Collaboration,Self-management,Sets project goals and tracks progress against them,Sets goals and keeps track of progress,وضع الأهداف ومتابعة التقدّم نحوها,7,IBATL:SelfManagement;ISTE:1.1a
COL.SELF.02,Collaboration,Self-management,Reviews performance after an event and identifies improvements,Looks back after a competition and works out what to improve,مراجعة الأداء بعد المسابقة وتحديد ما يجب تحسينه,6,IBATL:SelfManagement;ISTE:1.1a
COL.SELF.03,Collaboration,Self-management,Completes tasks to time under competition conditions,Gets tasks done on time during competitions,إنجاز المهام في الوقت المحدد أثناء المسابقات,8,IBATL:SelfManagement
COL.SELF.04,Collaboration,Self-management,Researches competition rules and requirements independently,Finds out competition rules and requirements independently,البحث المستقل في قوانين المسابقة ومتطلباتها,8,IBATL:Research;IBATL:SelfManagement
COL.CIT.01,Collaboration,Community and digital citizenship,"Demonstrates gracious professionalism toward other teams, as judged in core-values rubrics",Shows respect and fair play toward other teams,إظهار الاحترام والروح الرياضية تجاه الفرق الأخرى,4,IBATL:Social
COL.CIT.02,Collaboration,Community and digital citizenship,Shares the project with the community through outreach,Has shared their project with the wider community,مشاركة المشروع مع المجتمع الأوسع,8,ISTE:1.7d
COL.CIT.03,Collaboration,Community and digital citizenship,Uses technology safely and protects personal data,Uses technology safely and keeps personal information private,استخدام التكنولوجيا بأمان والحفاظ على خصوصية المعلومات الشخصية,5,ISTE:1.2d
